Workbook

Sheet Dados Gerais
B2: EVENTO:
B3: PERÍODO:
B4: LOCAL:
B6: DADOS DOS PARTICIPANTES
B7: Nome | C7: Data de Nascimento | D7: CPF | E7: RG | F7: Nº associado | G7: Função | H7: E-mail | I7: Telefone | J7: Fonte de Custeio
A8: 1
A9: 2
A10: 3
A11: 4
A12: 5
A13: 6
A14: 7
A15: 8
A16: 9
A17: 10
A18: 11
A19: 12
... A57: 50

Sheet Passagens
B1: EVENTO: | C1: ='Dados Gerais'!C2:J2 -> 0 | J1: TOTAL ORÇADO: | M1: =O57 -> 0
B2: PERÍODO: | C2: ='Dados Gerais'!C3:J3 -> 0 | J2: TOTAL REALIZADO: | M2: =N57 -> 0
B3: LOCAL: | C3: ='Dados Gerais'!C4:J4 -> 0 | J3: % Orçado vs. Realizado | M3: =((M2-M1)/M2) -> #DIV/0!
B5: DADOS DO PARTICIPANTE | E5: DADOS DA IDA | J5: DADOS DA VOLTA | N5: OUTRAS INFORMAÇÕES
B6: NOME | C6: Função | D6: Fonte de Custeio | E6: Data Ida | F6: Origem | G6: Cia aerea | H6: Voo(s) | I6: Horário-saída-aero-chegada-aero | J6: Data Volta | K6: Cia aerea | L6: Voo(s) | M6: Horário-saída-aero-chegada-aero | N6: Valor | O6: Orçado | P6: Observação
A7: 1 | B7: ='Dados Gerais'!B8 -> 0 | C7: ='Dados Gerais'!G8 -> 0 | D7: ='Dados Gerais'!J8 -> 0
A8: 2 | B8: ='Dados Gerais'!B9 -> 0 | C8: ='Dados Gerais'!G9 -> 0 | D8: ='Dados Gerais'!J9 -> 0
A9: 3 | B9: ='Dados Gerais'!B10 -> 0 | C9: ='Dados Gerais'!G10 -> 0 | D9: ='Dados Gerais'!J10 -> 0
A10: 4 | B10: ='Dados Gerais'!B11 -> 0 | C10: ='Dados Gerais'!G11 -> 0 | D10: ='Dados Gerais'!J11 -> 0
A11: 5 | B11: ='Dados Gerais'!B12 -> 0 | C11: ='Dados Gerais'!G12 -> 0 | D11: ='Dados Gerais'!J12 -> 0
A12: 6 | B12: ='Dados Gerais'!B13 -> 0 | C12: ='Dados Gerais'!G13 -> 0 | D12: ='Dados Gerais'!J13 -> 0
A13: 7 | B13: ='Dados Gerais'!B14 -> 0 | C13: ='Dados Gerais'!G14 -> 0 | D13: ='Dados Gerais'!J14 -> 0
A14: 8 | B14: ='Dados Gerais'!B15 -> 0 | C14: ='Dados Gerais'!G15 -> 0 | D14: ='Dados Gerais'!J15 -> 0
A15: 9 | B15: ='Dados Gerais'!B16 -> 0 | C15: ='Dados Gerais'!G16 -> 0 | D15: ='Dados Gerais'!J16 -> 0
A16: 10 | B16: ='Dados Gerais'!B17 -> 0 | C16: ='Dados Gerais'!G17 -> 0 | D16: ='Dados Gerais'!J17 -> 0
A17: 11 | B17: ='Dados Gerais'!B18 -> 0 | C17: ='Dados Gerais'!G18 -> 0 | D17: ='Dados Gerais'!J18 -> 0
A18: 12 | B18: ='Dados Gerais'!B19 -> 0 | C18: ='Dados Gerais'!G19 -> 0 | D18: ='Dados Gerais'!J19 -> 0
... A56: 50 | B56: ='Dados Gerais'!B57 -> 0 | C56: ='Dados Gerais'!G57 -> 0 | D56: ='Dados Gerais'!J57 -> 0
M57: TOTAIS | N57: =SUM(N7:N56) -> 0 | O57: =SUM(O7:O56) -> 0

Sheet Hospedagem
B1: EVENTO: | C1: ='Dados Gerais'!C2:J2 -> 0 | K1: TARIFAS HOSPEDAGEM (DIÁRIA + TAXAS)
B2: PERÍODO: | C2: ='Dados Gerais'!C3:J3 -> 0 | K2: QUARTO SINGLE:
B3: LOCAL: | C3: ='Dados Gerais'!C4:J4 -> 0 | K3: QUARTO DOUBLE:
B5: DADOS DO PARTICIPANTE | F5: DADOS DA IDA | K5: DADOS DA VOLTA
B6: HÓSPEDE - PAX1 | C6: Função | D6: Fonte de Custeio | E6: Categoria Quarto | F6: Check-in | G6: Check-out | H6: ACOMPANHANTE - PAX2 | I6: Qtd. Diárias | J6: Diárias SBC | K6: Tarifa | L6: Total Período SBC | M6: Diária Extra | N6: Valor Hóspede | O6: Observação
A7: 1 | B7: ='Dados Gerais'!B8 -> 0 | C7: ='Dados Gerais'!G8 -> 0 | D7: ='Dados Gerais'!J8 -> 0 | E7: Single | F7: =Passagens!E7 -> 0 | G7: =Passagens!J7 -> 0 | I7: =G7-F7 -> 0 | J7: =I7 -> 0 | K7: =IF(E7="single", $N$2, IF(E7="double", $N$3, "0,00")) -> 0 | L7: =(K7*J7) -> 0 | M7: =I7-J7 -> 0 | N7: =M7*K7 -> 0
A8: 2 | B8: ='Dados Gerais'!B9 -> 0 | C8: ='Dados Gerais'!G9 -> 0 | D8: ='Dados Gerais'!J9 -> 0 | E8: Single | F8: =Passagens!E8 -> 0 | G8: =Passagens!J8 -> 0 | I8: =G8-F8 -> 0 | J8: =I8 -> 0 | K8: =IF(E8="single", $N$2, IF(E8="double", $N$3, "0,00")) -> 0 | L8: =(K8*J8) -> 0 | M8: =I8-J8 -> 0 | N8: =M8*K8 -> 0
A9: 3 | B9: ='Dados Gerais'!B10 -> 0 | C9: ='Dados Gerais'!G10 -> 0 | D9: ='Dados Gerais'!J10 -> 0 | E9: Double | F9: =Passagens!E9 -> 0 | G9: =Passagens!J9 -> 0 | I9: =G9-F9 -> 0 | J9: 2 | K9: =IF(E9="single", $N$2, IF(E9="double", $N$3, "0,00")) -> 0 | L9: =(K9*J9)/2 -> 0 | M9: =I9-J9 -> -2 | N9: =M9*K9/2 -> 0
A10: 4 | B10: ='Dados Gerais'!B11 -> 0 | C10: ='Dados Gerais'!G11 -> 0 | D10: ='Dados Gerais'!J11 -> 0 | E10: Single | F10: =Passagens!E10 -> 0 | G10: =Passagens!J10 -> 0 | I10: =G10-F10 -> 0 | J10: =I10 -> 0 | K10: =IF(E10="single", $N$2, IF(E10="double", $N$3, "0,00")) -> 0 | L10: =(K10*J10) -> 0 | M10: =I10-J10 -> 0 | N10: =M10*K10 -> 0
A11: 5 | B11: ='Dados Gerais'!B12 -> 0 | C11: ='Dados Gerais'!G12 -> 0 | D11: ='Dados Gerais'!J12 -> 0 | E11: Single | F11: =Passagens!E11 -> 0 | G11: =Passagens!J11 -> 0 | I11: =G11-F11 -> 0 | J11: =I11 -> 0 | K11: =IF(E11="single", $N$2, IF(E11="double", $N$3, "0,00")) -> 0 | L11: =(K11*J11) -> 0 | M11: =I11-J11 -> 0 | N11: =M11*K11 -> 0
A12: 6 | B12: ='Dados Gerais'!B13 -> 0 | C12: ='Dados Gerais'!G13 -> 0 | D12: ='Dados Gerais'!J13 -> 0 | E12: Single | F12: =Passagens!E12 -> 0 | G12: =Passagens!J12 -> 0 | I12: =G12-F12 -> 0 | J12: =I12 -> 0 | K12: =IF(E12="single", $N$2, IF(E12="double", $N$3, "0,00")) -> 0 | L12: =(K12*J12) -> 0 | M12: =I12-J12 -> 0 | N12: =M12*K12 -> 0
A13: 7 | B13: ='Dados Gerais'!B14 -> 0 | C13: ='Dados Gerais'!G14 -> 0 | D13: ='Dados Gerais'!J14 -> 0 | E13: Single | F13: =Passagens!E13 -> 0 | G13: =Passagens!J13 -> 0 | I13: =G13-F13 -> 0 | J13: =I13 -> 0 | K13: =IF(E13="single", $N$2, IF(E13="double", $N$3, "0,00")) -> 0 | L13: =(K13*J13) -> 0 | M13: =I13-J13 -> 0 | N13: =M13*K13 -> 0
A14: 8 | B14: ='Dados Gerais'!B15 -> 0 | C14: ='Dados Gerais'!G15 -> 0 | D14: ='Dados Gerais'!J15 -> 0 | E14: Single | F14: =Passagens!E14 -> 0 | G14: =Passagens!J14 -> 0 | I14: =G14-F14 -> 0 | J14: =I14 -> 0 | K14: =IF(E14="single", $N$2, IF(E14="double", $N$3, "0,00")) -> 0 | L14: =(K14*J14) -> 0 | M14: =I14-J14 -> 0 | N14: =M14*K14 -> 0
A15: 9 | B15: ='Dados Gerais'!B16 -> 0 | C15: ='Dados Gerais'!G16 -> 0 | D15: ='Dados Gerais'!J16 -> 0 | E15: Double | F15: =Passagens!E15 -> 0 | G15: =Passagens!J15 -> 0 | I15: =G15-F15 -> 0 | J15: =I15 -> 0 | K15: =IF(E15="single", $N$2, IF(E15="double", $N$3, "0,00")) -> 0 | L15: =(K15*J15)/2 -> 0 | M15: =I15-J15 -> 0 | N15: =M15*K15/2 -> 0
A16: 10 | B16: ='Dados Gerais'!B17 -> 0 | C16: ='Dados Gerais'!G17 -> 0 | D16: ='Dados Gerais'!J17 -> 0 | E16: Single | F16: =Passagens!E16 -> 0 | G16: =Passagens!J16 -> 0 | I16: =G16-F16 -> 0 | J16: =I16 -> 0 | K16: =IF(E16="single", $N$2, IF(E16="double", $N$3, "0,00")) -> 0 | L16: =(K16*J16)/2 -> 0 | M16: =I16-J16 -> 0 | N16: =M16*K16 -> 0
A17: 11 | B17: ='Dados Gerais'!B18 -> 0 | C17: ='Dados Gerais'!G18 -> 0 | D17: ='Dados Gerais'!J18 -> 0 | E17: Single | F17: =Passagens!E17 -> 0 | G17: =Passagens!J17 -> 0 | I17: =G17-F17 -> 0 | J17: =I17 -> 0 | K17: =IF(E17="single", $N$2, IF(E17="double", $N$3, "0,00")) -> 0 | L17: =(K17*J17)/2 -> 0 | M17: =I17-J17 -> 0 | N17: =M17*K17 -> 0
A18: 12 | B18: ='Dados Gerais'!B19 -> 0 | C18: ='Dados Gerais'!G19 -> 0 | D18: ='Dados Gerais'!J19 -> 0 | E18: Single | F18: =Passagens!E18 -> 0 | G18: =Passagens!J18 -> 0 | I18: =G18-F18 -> 0 | J18: =I18 -> 0 | K18: =IF(E18="single", $N$2, IF(E18="double", $N$3, "0,00")) -> 0 | L18: =(K18*J18)/2 -> 0 | M18: =I18-J18 -> 0 | N18: =M18*K18 -> 0
A19: 13 | B19: ='Dados Gerais'!B20 -> 0 | C19: ='Dados Gerais'!G20 -> 0 | D19: ='Dados Gerais'!J20 -> 0 | E19: Single | F19: =Passagens!E19 -> 0 | G19: =Passagens!J19 -> 0 | I19: =G19-F19 -> 0 | J19: =I19 -> 0 | K19: =IF(E19="single", $N$2, IF(E19="double", $N$3, "0,00")) -> 0 | L19: =(K19*J19)/2 -> 0 | M19: =I19-J19 -> 0 | N19: =M19*K19 -> 0
A20: 14 | B20: ='Dados Gerais'!B21 -> 0 | C20: ='Dados Gerais'!G21 -> 0 | D20: ='Dados Gerais'!J21 -> 0 | E20: Single | F20: =Passagens!E20 -> 0 | G20: =Passagens!J20 -> 0 | I20: =G20-F20 -> 0 | J20: =I20 -> 0 | K20: =IF(E20="single", $N$2, IF(E20="double", $N$3, "0,00")) -> 0 | L20: =(K20*J20)/2 -> 0 | M20: =I20-J20 -> 0 | N20: =M20*K20 -> 0
A21: 15 | B21: ='Dados Gerais'!B22 -> 0 | C21: ='Dados Gerais'!G22 -> 0 | D21: ='Dados Gerais'!J22 -> 0 | E21: Single | F21: =Passagens!E21 -> 0 | G21: =Passagens!J21 -> 0 | I21: =G21-F21 -> 0 | J21: =I21 -> 0 | K21: =IF(E21="single", $N$2, IF(E21="double", $N$3, "0,00")) -> 0 | L21: =(K21*J21)/2 -> 0 | M21: =I21-J21 -> 0 | N21: =M21*K21 -> 0
A22: 16 | B22: ='Dados Gerais'!B23 -> 0 | C22: ='Dados Gerais'!G23 -> 0 | D22: ='Dados Gerais'!J23 -> 0 | E22: Single | F22: =Passagens!E22 -> 0 | G22: =Passagens!J22 -> 0 | I22: =G22-F22 -> 0 | J22: =I22 -> 0 | K22: =IF(E22="single", $N$2, IF(E22="double", $N$3, "0,00")) -> 0 | L22: =(K22*J22)/2 -> 0 | M22: =I22-J22 -> 0 | N22: =M22*K22 -> 0
A23: 17 | B23: ='Dados Gerais'!B24 -> 0 | C23: ='Dados Gerais'!G24 -> 0 | D23: ='Dados Gerais'!J24 -> 0 | E23: Single | F23: =Passagens!E23 -> 0 | G23: =Passagens!J23 -> 0 | I23: =G23-F23 -> 0 | J23: =I23 -> 0 | K23: =IF(E23="single", $N$2, IF(E23="double", $N$3, "0,00")) -> 0 | L23: =(K23*J23)/2 -> 0 | M23: =I23-J23 -> 0 | N23: =M23*K23 -> 0
A24: 18 | B24: ='Dados Gerais'!B25 -> 0 | C24: ='Dados Gerais'!G25 -> 0 | D24: ='Dados Gerais'!J25 -> 0 | E24: Double | F24: =Passagens!E24 -> 0 | G24: =Passagens!J24 -> 0 | I24: =G24-F24 -> 0 | J24: =I24 -> 0 | K24: =IF(E24="single", $N$2, IF(E24="double", $N$3, "0,00")) -> 0 | L24: =(K24*J24)/2 -> 0 | M24: =I24-J24 -> 0 | N24: =M24*K24 -> 0
A25: 19 | B25: ='Dados Gerais'!B26 -> 0 | C25: ='Dados Gerais'!G26 -> 0 | D25: ='Dados Gerais'!J26 -> 0 | E25: Single | F25: =Passagens!E25 -> 0 | G25: =Passagens!J25 -> 0 | I25: =G25-F25 -> 0 | J25: =I25 -> 0 | K25: =IF(E25="single", $N$2, IF(E25="double", $N$3, "0,00")) -> 0 | L25: =(K25*J25)/2 -> 0 | M25: =I25-J25 -> 0 | N25: =M25*K25 -> 0
A26: 20 | B26: ='Dados Gerais'!B27 -> 0 | C26: ='Dados Gerais'!G27 -> 0 | D26: ='Dados Gerais'!J27 -> 0 | F26: =Passagens!E26 -> 0 | G26: =Passagens!J26 -> 0 | I26: =G26-F26 -> 0 | J26: =I26 -> 0 | K26: =IF(E26="single", $N$2, IF(E26="double", $N$3, "0,00")) -> 0,00 | L26: =(K26*J26)/2 -> 0 | M26: =I26-J26 -> 0 | N26: =M26*K26 -> 0
A27: 21 | B27: ='Dados Gerais'!B28 -> 0 | C27: ='Dados Gerais'!G28 -> 0 | D27: ='Dados Gerais'!J28 -> 0 | F27: =Passagens!E27 -> 0 | G27: =Passagens!J27 -> 0 | I27: =G27-F27 -> 0 | J27: =I27 -> 0 | K27: =IF(E27="single", $N$2, IF(E27="double", $N$3, "0,00")) -> 0,00 | L27: =(K27*J27) -> 0 | M27: =I27-J27 -> 0 | N27: =M27*K27 -> 0
A28: 22 | B28: ='Dados Gerais'!B29 -> 0 | C28: ='Dados Gerais'!G29 -> 0 | D28: ='Dados Gerais'!J29 -> 0 | F28: =Passagens!E28 -> 0 | G28: =Passagens!J28 -> 0 | I28: =G28-F28 -> 0 | J28: =I28 -> 0 | K28: =IF(E28="single", $N$2, IF(E28="double", $N$3, "0,00")) -> 0,00 | L28: =(K28*J28) -> 0 | M28: =I28-J28 -> 0 | N28: =M28*K28 -> 0
A29: 23 | B29: ='Dados Gerais'!B30 -> 0 | C29: ='Dados Gerais'!G30 -> 0 | D29: ='Dados Gerais'!J30 -> 0 | F29: =Passagens!E29 -> 0 | G29: =Passagens!J29 -> 0 | I29: =G29-F29 -> 0 | J29: =I29 -> 0 | K29: =IF(E29="single", $N$2, IF(E29="double", $N$3, "0,00")) -> 0,00 | L29: =(K29*J29) -> 0 | M29: =I29-J29 -> 0 | N29: =M29*K29 -> 0
A30: 24 | B30: ='Dados Gerais'!B31 -> 0 | C30: ='Dados Gerais'!G31 -> 0 | D30: ='Dados Gerais'!J31 -> 0 | F30: =Passagens!E30 -> 0 | G30: =Passagens!J30 -> 0 | I30: =G30-F30 -> 0 | J30: =I30 -> 0 | K30: =IF(E30="single", $N$2, IF(E30="double", $N$3, "0,00")) -> 0,00 | L30: =(K30*J30) -> 0 | M30: =I30-J30 -> 0 | N30: =M30*K30 -> 0
A31: 25 | B31: ='Dados Gerais'!B32 -> 0 | C31: ='Dados Gerais'!G32 -> 0 | D31: ='Dados Gerais'!J32 -> 0 | F31: =Passagens!E31 -> 0 | G31: =Passagens!J31 -> 0 | I31: =G31-F31 -> 0 | J31: =I31 -> 0 | K31: =IF(E31="single", $N$2, IF(E31="double", $N$3, "0,00")) -> 0,00 | L31: =(K31*J31) -> 0 | M31: =I31-J31 -> 0 | N31: =M31*K31 -> 0
A32: 26 | B32: ='Dados Gerais'!B33 -> 0 | C32: ='Dados Gerais'!G33 -> 0 | D32: ='Dados Gerais'!J33 -> 0 | F32: =Passagens!E32 -> 0 | G32: =Passagens!J32 -> 0 | I32: =G32-F32 -> 0 | J32: =I32 -> 0 | K32: =IF(E32="single", $N$2, IF(E32="double", $N$3, "0,00")) -> 0,00 | L32: =(K32*J32) -> 0 | M32: =I32-J32 -> 0 | N32: =M32*K32 -> 0
A33: 27 | B33: ='Dados Gerais'!B34 -> 0 | C33: ='Dados Gerais'!G34 -> 0 | D33: ='Dados Gerais'!J34 -> 0 | F33: =Passagens!E33 -> 0 | G33: =Passagens!J33 -> 0 | I33: =G33-F33 -> 0 | J33: =I33 -> 0 | K33: =IF(E33="single", $N$2, IF(E33="double", $N$3, "0,00")) -> 0,00 | L33: =(K33*J33) -> 0 | M33: =I33-J33 -> 0 | N33: =M33*K33 -> 0
A34: 28 | B34: ='Dados Gerais'!B35 -> 0 | C34: ='Dados Gerais'!G35 -> 0 | D34: ='Dados Gerais'!J35 -> 0 | F34: =Passagens!E34 -> 0 | G34: =Passagens!J34 -> 0 | I34: =G34-F34 -> 0 | J34: =I34 -> 0 | K34: =IF(E34="single", $N$2, IF(E34="double", $N$3, "0,00")) -> 0,00 | L34: =(K34*J34) -> 0 | M34: =I34-J34 -> 0 | N34: =M34*K34 -> 0
A35: 29 | B35: ='Dados Gerais'!B36 -> 0 | C35: ='Dados Gerais'!G36 -> 0 | D35: ='Dados Gerais'!J36 -> 0 | F35: =Passagens!E35 -> 0 | G35: =Passagens!J35 -> 0 | I35: =G35-F35 -> 0 | J35: =I35 -> 0 | K35: =IF(E35="single", $N$2, IF(E35="double", $N$3, "0,00")) -> 0,00 | L35: =(K35*J35) -> 0 | M35: =I35-J35 -> 0 | N35: =M35*K35 -> 0
A36: 30 | B36: ='Dados Gerais'!B37 -> 0 | C36: ='Dados Gerais'!G37 -> 0 | D36: ='Dados Gerais'!J37 -> 0 | F36: =Passagens!E36 -> 0 | G36: =Passagens!J36 -> 0 | I36: =G36-F36 -> 0 | J36: =I36 -> 0 | K36: =IF(E36="single", $N$2, IF(E36="double", $N$3, "0,00")) -> 0,00 | L36: =(K36*J36) -> 0 | M36: =I36-J36 -> 0 | N36: =M36*K36 -> 0
A37: 31 | B37: ='Dados Gerais'!B38 -> 0 | C37: ='Dados Gerais'!G38 -> 0 | D37: ='Dados Gerais'!J38 -> 0 | F37: =Passagens!E37 -> 0 | G37: =Passagens!J37 -> 0 | I37: =G37-F37 -> 0 | J37: =I37 -> 0 | K37: =IF(E37="single", $N$2, IF(E37="double", $N$3, "0,00")) -> 0,00 | L37: =(K37*J37) -> 0 | M37: =I37-J37 -> 0 | N37: =M37*K37 -> 0
A38: 32 | B38: ='Dados Gerais'!B39 -> 0 | C38: ='Dados Gerais'!G39 -> 0 | D38: ='Dados Gerais'!J39 -> 0 | F38: =Passagens!E38 -> 0 | G38: =Passagens!J38 -> 0 | I38: =G38-F38 -> 0 | J38: =I38 -> 0 | K38: =IF(E38="single", $N$2, IF(E38="double", $N$3, "0,00")) -> 0,00 | L38: =(K38*J38) -> 0 | M38: =I38-J38 -> 0 | N38: =M38*K38 -> 0
... A56: 50 | B56: ='Dados Gerais'!B57 -> 0 | C56: ='Dados Gerais'!G57 -> 0 | D56: ='Dados Gerais'!J57 -> 0 | F56: =Passagens!E56 -> 0 | G56: =Passagens!J56 -> 0 | I56: =G56-F56 -> 0 | J56: =I56 -> 0 | K56: =IF(E56="single", $N$2, IF(E56="double", $N$3, "0,00")) -> 0,00 | L56: =(K56*J56) -> 0 | M56: =I56-J56 -> 0 | N56: =M56*K56 -> 0
L57: =SUM(L7:L56) -> 0

Sheet Sala de Reuniões
B1: EVENTO: | C1: ='Dados Gerais'!C2:J2 -> 0
B2: PERÍODO: | C2: ='Dados Gerais'!C3:J3 -> 0
B3: LOCAL: | C3: ='Dados Gerais'!C4:J4 -> 0
B6: ITENS CONTRATADOS
B7: Descrição | E7: Qtd. | F7: Valor Unitário | G7: Valor Total | H7: Observação
B8: Sala | G8: =E8*F8 -> 0
B9: Projetor | G9: =E9*F9 -> 0
B10: Tela | G10: =E10*F10 -> 0
B11: Técnico | G11: =E11*F11 -> 0
B12: Coffee | G12: =E12*F12 -> 0
B13: Serviço de sala | G13: =E13*F13 -> 0
B14: Almoço | G14: =E14*F14 -> 0
G15: =E15*F15 -> 0
G16: =E16*F16 -> 0
G17: =E17*F17 -> 0
G18: =E18*F18 -> 0
G19: =E19*F19 -> 0
G20: =E20*F20 -> 0
G21: =E21*F21 -> 0
G22: =E22*F22 -> 0
G23: =E23*F23 -> 0
F24: TOTAL | G24: =SUM(G8:G23) -> 0

Sheet Diárias
B1: EVENTO: | C1: ='Dados Gerais'!C2:J2 -> 0 | K1: Funcionário: recebe diárias para o dia de ida até o dia de volta (= última dia atividade), excluindo os dias extras.
B2: PERÍODO: | C2: ='Dados Gerais'!C3:J3 -> 0 | K2: Diretoria e Conselho: recebe diária conforme horários dos voos, excluindo o dia em que a SBC vai custear almoço e jantar.
B3: LOCAL: | C3: ='Dados Gerais'!C4:J4 -> 0
B4: DIÁRIAS | C4: DIRETORIA - ALMOÇO | E4: 70 | F4: FUNCIONÁRIO | I4: 210
C5: DIRETORIA - JANTAR (a partir das 18h) | E5: 95
B7: DIÁRIAS
B9: Nome | D9: Função | E9: Check in / Voo | G9: Check out / Voo | I9: Qtd Almoço | J9: Qtd Jantar | K9: Total
A10: 1 | B10: ='Dados Gerais'!B8 -> 0 | D10: ='Dados Gerais'!G8 -> 0 | E10: =Passagens!E7 -> 0 | F10: =Passagens!I7 -> 0 | G10: =Hospedagem!G7 -> 0 | H10: =Passagens!M7 -> 0 | K10: =(I10*$E$4)+(J10*$E$5) -> 0
A11: 2 | B11: ='Dados Gerais'!B9 -> 0 | D11: ='Dados Gerais'!G9 -> 0 | E11: =Passagens!E8 -> 0 | F11: =Passagens!I8 -> 0 | G11: =Hospedagem!G8 -> 0 | H11: =Passagens!M8 -> 0 | K11: =(I11*$E$4)+(J11*$E$5) -> 0
A12: 3 | B12: ='Dados Gerais'!B10 -> 0 | D12: ='Dados Gerais'!G10 -> 0 | E12: =Passagens!E9 -> 0 | F12: =Passagens!I9 -> 0 | G12: =Hospedagem!G9 -> 0 | H12: =Passagens!M9 -> 0 | K12: =I12*I4 -> 0
A13: 4 | B13: ='Dados Gerais'!B11 -> 0 | D13: ='Dados Gerais'!G11 -> 0 | E13: =Passagens!E10 -> 0 | F13: =Passagens!I10 -> 0 | G13: =Hospedagem!G10 -> 0 | H13: =Passagens!M10 -> 0 | K13: =(I13*$E$4)+(J13*$E$5) -> 0
A14: 5 | B14: ='Dados Gerais'!B12 -> 0 | D14: ='Dados Gerais'!G12 -> 0 | E14: =Passagens!E11 -> 0 | F14: =Passagens!I11 -> 0 | G14: =Hospedagem!G11 -> 0 | H14: =Passagens!M11 -> 0 | K14: =(I14*$E$4)+(J14*$E$5) -> 0
A15: 6 | B15: ='Dados Gerais'!B13 -> 0 | D15: ='Dados Gerais'!G13 -> 0 | E15: =Passagens!E12 -> 0 | F15: =Passagens!I12 -> 0 | G15: =Hospedagem!G12 -> 0 | H15: =Passagens!M12 -> 0 | K15: =(I15*$E$4)+(J15*$E$5) -> 0
A16: 7 | B16: ='Dados Gerais'!B14 -> 0 | D16: ='Dados Gerais'!G14 -> 0 | E16: =Passagens!E13 -> 0 | F16: =Passagens!I13 -> 0 | G16: =Hospedagem!G13 -> 0 | H16: =Passagens!M13 -> 0 | K16: =(I16*$E$4)+(J16*$E$5) -> 0
A17: 8 | B17: ='Dados Gerais'!B15 -> 0 | D17: ='Dados Gerais'!G15 -> 0 | E17: =Passagens!E14 -> 0 | F17: =Passagens!I14 -> 0 | G17: =Hospedagem!G14 -> 0 | H17: =Passagens!M14 -> 0 | K17: =(I17*$E$4)+(J17*$E$5) -> 0
A18: 9 | B18: ='Dados Gerais'!B16 -> 0 | D18: ='Dados Gerais'!G16 -> 0 | E18: =Passagens!E15 -> 0 | F18: =Passagens!I15 -> 0 | G18: =Hospedagem!G15 -> 0 | H18: =Passagens!M15 -> 0 | K18: =I18*I4 -> 0
A19: 10 | B19: ='Dados Gerais'!B17 -> 0 | D19: ='Dados Gerais'!G17 -> 0 | E19: =Passagens!E16 -> 0 | F19: =Passagens!I16 -> 0 | G19: =Hospedagem!G16 -> 0 | H19: =Passagens!M16 -> 0 | K19: =(I19*$E$4)+(J19*$E$5) -> 0
A20: 11 | B20: ='Dados Gerais'!B18 -> 0 | D20: ='Dados Gerais'!G18 -> 0 | E20: =Passagens!E17 -> 0 | F20: =Passagens!I17 -> 0 | G20: =Hospedagem!G17 -> 0 | H20: =Passagens!M17 -> 0 | K20: =(I20*$E$4)+(J20*$E$5) -> 0
A21: 12 | B21: ='Dados Gerais'!B19 -> 0 | D21: ='Dados Gerais'!G19 -> 0 | E21: =Passagens!E18 -> 0 | F21: =Passagens!I18 -> 0 | G21: =Hospedagem!G18 -> 0 | H21: =Passagens!M18 -> 0 | K21: =(I21*$E$4)+(J21*$E$5) -> 0
A22: 13 | B22: ='Dados Gerais'!B20 -> 0 | D22: ='Dados Gerais'!G20 -> 0 | E22: =Passagens!E19 -> 0 | F22: =Passagens!I19 -> 0 | G22: =Hospedagem!G19 -> 0 | H22: =Passagens!M19 -> 0 | K22: =(I22*$E$4)+(J22*$E$5) -> 0
A23: 14 | B23: ='Dados Gerais'!B21 -> 0 | D23: ='Dados Gerais'!G21 -> 0 | E23: =Passagens!E20 -> 0 | F23: =Passagens!I20 -> 0 | G23: =Hospedagem!G20 -> 0 | H23: =Passagens!M20 -> 0 | K23: =(I23*$E$4)+(J23*$E$5) -> 0
A24: 15 | B24: ='Dados Gerais'!B22 -> 0 | D24: ='Dados Gerais'!G22 -> 0 | E24: =Passagens!E21 -> 0 | F24: =Passagens!I21 -> 0 | G24: =Hospedagem!G21 -> 0 | H24: =Passagens!M21 -> 0 | K24: =(I24*$E$4)+(J24*$E$5) -> 0
A25: 16 | B25: ='Dados Gerais'!B23 -> 0 | D25: ='Dados Gerais'!G23 -> 0 | E25: =Passagens!E22 -> 0 | F25: =Passagens!I22 -> 0 | G25: =Hospedagem!G22 -> 0 | H25: =Passagens!M22 -> 0 | K25: =(I25*$E$4)+(J25*$E$5) -> 0
A26: 17 | B26: ='Dados Gerais'!B24 -> 0 | D26: ='Dados Gerais'!G24 -> 0 | E26: =Passagens!E23 -> 0 | F26: =Passagens!I23 -> 0 | G26: =Hospedagem!G23 -> 0 | H26: =Passagens!M23 -> 0 | K26: =(I26*$E$4)+(J26*$E$5) -> 0
A27: 18 | B27: ='Dados Gerais'!B25 -> 0 | D27: ='Dados Gerais'!G25 -> 0 | E27: =Passagens!E24 -> 0 | F27: =Passagens!I24 -> 0 | G27: =Hospedagem!G24 -> 0 | H27: =Passagens!M24 -> 0 | K27: =(I27*$E$4)+(J27*$E$5) -> 0
A28: 19 | B28: ='Dados Gerais'!B26 -> 0 | D28: ='Dados Gerais'!G26 -> 0 | E28: =Passagens!E25 -> 0 | F28: =Passagens!I25 -> 0 | G28: =Hospedagem!G25 -> 0 | H28: =Passagens!M25 -> 0 | K28: =(I28*$E$4)+(J28*$E$5) -> 0
A29: 20 | B29: ='Dados Gerais'!B27 -> 0 | D29: ='Dados Gerais'!G27 -> 0 | E29: =Passagens!E26 -> 0 | F29: =Passagens!I26 -> 0 | G29: =Hospedagem!G26 -> 0 | H29: =Passagens!M26 -> 0 | K29: =(I29*$E$4)+(J29*$E$5) -> 0
A30: 21 | B30: ='Dados Gerais'!B28 -> 0 | D30: ='Dados Gerais'!G28 -> 0 | E30: =Passagens!E27 -> 0 | F30: =Passagens!I27 -> 0 | G30: =Hospedagem!G27 -> 0 | H30: =Passagens!M27 -> 0 | K30: =(I30*$E$4)+(J30*$E$5) -> 0
... A59: 50 | B59: ='Dados Gerais'!B57 -> 0 | D59: ='Dados Gerais'!G57 -> 0 | E59: =Passagens!E56 -> 0 | F59: =Passagens!I56 -> 0 | G59: =Hospedagem!G56 -> 0 | H59: =Passagens!M56 -> 0 | K59: =(I59*$E$4)+(J59*$E$5) -> 0
K60: =SUM(K10:K22) -> 0

Sheet Translado
B1: EVENTO: | C1: ='Dados Gerais'!C2:J2 -> 0
B2: PERÍODO: | C2: ='Dados Gerais'!C3:J3 -> 0
B3: LOCAL: | C3: ='Dados Gerais'!C4:J4 -> 0
B5: DESPESAS COM UBER/TRANSLADO
B7: NOME | C7: Função | D7: Total
A8: 1 | B8: ='Dados Gerais'!B8 -> 0 | C8: ='Dados Gerais'!G8 -> 0
A9: 2 | B9: ='Dados Gerais'!B9 -> 0 | C9: ='Dados Gerais'!G9 -> 0
A10: 3 | B10: ='Dados Gerais'!B10 -> 0 | C10: ='Dados Gerais'!G10 -> 0
A11: 4 | B11: ='Dados Gerais'!B11 -> 0 | C11: ='Dados Gerais'!G11 -> 0
A12: 5 | B12: ='Dados Gerais'!B12 -> 0 | C12: ='Dados Gerais'!G12 -> 0
A13: 6 | B13: ='Dados Gerais'!B13 -> 0 | C13: ='Dados Gerais'!G13 -> 0
A14: 7 | B14: ='Dados Gerais'!B14 -> 0 | C14: ='Dados Gerais'!G14 -> 0
A15: 8 | B15: ='Dados Gerais'!B15 -> 0 | C15: ='Dados Gerais'!G15 -> 0
A16: 9 | B16: ='Dados Gerais'!B16 -> 0 | C16: ='Dados Gerais'!G16 -> 0
A17: 10 | B17: ='Dados Gerais'!B17 -> 0 | C17: ='Dados Gerais'!G17 -> 0
A18: 11 | B18: ='Dados Gerais'!B18 -> 0 | C18: ='Dados Gerais'!G18 -> 0
A19: 12 | B19: ='Dados Gerais'!B19 -> 0 | C19: ='Dados Gerais'!G19 -> 0
... A57: 50 | B57: ='Dados Gerais'!B57 -> 0 | C57: ='Dados Gerais'!G57 -> 0
C58: TOTAL | D58: =SUM(D8:D57) -> 0

Sheet Custo Total
B1: EVENTO: | C1: ='Dados Gerais'!C2:J2 -> 0
B2: PERÍODO: | C2: ='Dados Gerais'!C3:J3 -> 0
B3: LOCAL: | C3: ='Dados Gerais'!C4:J4 -> 0
B6: CUSTOS TOTAIS
B7: ITEM | E7: VALOR
B8: PASSAGEM | E8: =Passagens!M2 -> 0
B9: HOSPEDAGEM | E9: =Hospedagem!L57 -> 0
B10: SALA DE REUNIÕES/COFFEE | E10: ='Sala de Reuniões'!G24 -> 0
B11: DIÁRIAS | E11: =Diárias!K60 -> 0
B12: TRANSLADO | E12: =Translado!D58 -> 0
B13: OUTROS
B21: TOTAL | E21: =SUM(E8:H20) -> 0
